,City,Cloudiness,Country,Date,Humidity,Lat,Lng,Max Temperature,Wind Speed
0,bambous virieux,75,MU,1561592470,88,-20.34,57.76,73.4,11.41
1,punta arenas,0,CL,1561592471,79,-53.16,-70.91,30.0,12.75
2,santa fe,0,AR,1561592471,67,-31.62,-60.7,44.33,9.78
3,puerto ayora,20,EC,1561592459,65,-0.74,-90.35,78.8,20.8
4,cape town,90,ZA,1561592401,100,-33.93,18.42,53.01,10.29
5,joensuu,0,FI,1561592293,82,62.6,29.76,57.99,2.24
6,hermanus,0,ZA,1561592471,93,-34.42,19.24,53.01,4.0
7,tuktoyaktuk,90,CA,1561592471,75,69.44,-133.03,41.0,17.22
8,tagusao,96,PH,1561592477,75,9.19,117.81,83.75,14.45
9,kapaa,75,US,1561592202,78,22.08,-159.32,80.6,12.75
10,muravlenko,96,RU,1561592478,59,63.79,74.5,49.19,17.6
11,avarua,43,CK,1561592478,78,-21.21,-159.78,75.2,6.93
12,fortuna,20,US,1561592478,49,40.6,-124.16,68.0,11.41
13,mataura,30,NZ,1561592478,75,-46.19,168.86,53.01,4.0
14,codrington,75,AU,1561592478,93,-28.95,153.24,64.4,4.7
15,east london,59,ZA,1561592478,58,-33.02,27.91,59.09,13.56
16,sola,100,TZ,1561592479,65,-3.17,33.8,69.17,2.46
17,sao jose da coroa grande,81,BR,1561592479,95,-8.9,-35.15,71.87,4.12
18,barrow,99,AR,1561592479,33,-38.31,-60.23,50.81,21.47
19,cabedelo,0,BR,1561592479,94,-6.97,-34.84,75.2,4.7
20,bredasdorp,0,ZA,1561592479,93,-34.53,20.04,53.01,1.12
21,peniche,20,PT,1561592479,88,39.36,-9.38,63.0,4.7
22,rikitea,44,PF,1561592479,81,-23.12,-134.97,74.39,11.18
23,las choapas,20,MX,1561592480,74,17.91,-94.09,86.0,23.04
24,viedma,51,AR,1561592214,45,-40.81,-62.99,54.05,23.85
25,cherskiy,22,RU,1561592216,33,68.75,161.3,66.29,11.12
26,monrovia,75,LR,1561592445,94,6.33,-10.8,77.0,14.74
27,chuy,36,UY,1561592399,78,-33.69,-53.46,45.41,8.01
28,ushuaia,75,AR,1561592480,79,-54.81,-68.31,28.4,18.34
29,eatonton,1,US,1561592480,69,33.33,-83.39,86.0,3.78
30,havre-saint-pierre,90,CA,1561592480,67,50.23,-63.6,59.0,8.05
31,tasiilaq,100,GL,1561592480,81,65.61,-37.64,44.6,1.12
32,maloy,88,ID,1561592480,86,1.0,118.1,78.89,2.24
33,thompson,75,CA,1561592317,67,55.74,-97.86,60.8,2.24
34,carnarvon,0,ZA,1561592481,42,-30.97,22.13,40.37,5.44
35,talnakh,0,RU,1561592481,57,69.49,88.39,44.6,8.95
36,jamestown,0,AU,1561592236,55,-33.21,138.6,58.37,16.89
37,hilo,40,US,1561592225,58,19.71,-155.08,89.01,13.87
38,izberbash,20,RU,1561592481,69,42.57,47.86,75.2,6.71
39,imbituba,75,BR,1561592481,67,-28.24,-48.67,57.2,8.05
40,dingle,100,PH,1561592481,82,11.0,122.67,80.15,7.72
41,albany,1,US,1561592403,50,42.65,-73.75,80.01,6.93
42,kalmunai,100,LK,1561592482,76,7.42,81.82,75.83,2.73
43,busselton,25,AU,1561592482,47,-33.64,115.35,55.99,32.19
44,great yarmouth,10,GB,1561592482,82,52.61,1.73,57.0,8.05
45,vardo,1,US,1561592482,45,39.62,-77.74,87.8,5.82
46,hobart,0,AU,1561592225,75,-42.88,147.33,51.01,8.05
47,bakel,9,SN,1561592482,21,14.9,-12.46,95.45,12.33
48,severo-kurilsk,100,RU,1561592483,97,50.68,156.12,41.09,14.92
49,faanui,1,PF,1561592483,73,-16.48,-151.75,80.51,6.55
50,namibe,100,AO,1561592483,81,-15.19,12.15,65.21,13.76
51,sterling,1,US,1561592483,52,39.0,-77.4,89.6,5.03
52,karratha,91,AU,1561592483,53,-20.74,116.85,68.09,2.84
53,altar,63,MX,1561592483,17,30.72,-111.84,98.01,8.99
54,mocuba,14,MZ,1561592484,97,-16.84,36.99,58.19,3.51
55,lebu,64,ET,1561592484,75,8.96,38.73,57.47,0.29
56,kirkland lake,1,CA,1561592484,57,48.15,-80.03,77.0,6.93
57,sfantu gheorghe,0,RO,1561592484,93,44.65,26.83,71.01,3.36
58,lompoc,1,US,1561592484,60,34.64,-120.46,73.99,13.87
59,bayji,0,IQ,1561592484,12,34.93,43.49,92.57,8.95
60,saskylakh,100,RU,1561592484,75,71.97,114.09,52.25,17.45
61,mutare,50,MZ,1561592485,88,-18.97,32.67,51.17,1.52
62,tygda,70,RU,1561592485,41,53.11,126.33,64.67,4.99
63,huaihua,79,CN,1561592485,87,27.56,109.96,74.93,1.52
64,mar del plata,86,AR,1561592485,72,-46.43,-67.52,38.39,10.16
65,ancud,90,CL,1561592485,93,-41.87,-73.83,46.4,11.41
66,cidreira,16,BR,1561592485,57,-30.17,-50.22,47.21,2.64
67,tomatlan,96,MX,1561592485,73,19.93,-105.25,83.93,7.92
68,hohhot,40,CN,1561592486,93,40.81,111.65,62.6,4.47
69,comodoro rivadavia,0,AR,1561592486,53,-45.87,-67.48,50.0,23.04
70,orlik,0,PL,1561592486,77,53.95,17.74,66.2,25.28
71,dikson,100,RU,1561592486,94,73.51,80.55,33.71,17.11
72,sukaraja,4,ID,1561592486,97,-3.46,102.54,66.11,2.53
73,prince rupert,1,CA,1561592377,77,54.32,-130.32,62.6,9.17
74,touros,20,BR,1561592487,88,-5.2,-35.46,75.2,3.36
75,yellowknife,75,CA,1561592487,82,62.45,-114.38,55.4,19.46
76,taoudenni,1,ML,1561592487,8,22.68,-3.98,98.15,11.25
77,kon tum,99,VN,1561592487,99,14.36,108.0,71.69,1.32
78,guane,25,CU,1561592487,74,22.2,-84.09,84.83,22.97
79,mahebourg,75,MU,1561592487,88,-20.41,57.7,73.4,11.41
80,sorland,100,NO,1561592487,87,67.67,12.69,48.11,17.98
81,narsaq,100,GL,1561592487,93,60.91,-46.05,48.2,4.7
82,kovrov,100,RU,1561592488,97,56.37,41.31,52.61,6.02
83,lorengau,90,PG,1561592488,79,-2.02,147.27,83.21,6.35
84,independencia,65,MX,1561592488,96,20.06,-97.05,70.79,3.27
85,chitrakonda,58,IN,1561592488,89,18.12,82.08,74.21,3.74
86,castro,90,CL,1561592488,93,-42.48,-73.76,46.4,11.41
87,constantine,0,DZ,1561592489,33,36.36,6.61,75.2,2.24
88,srednekolymsk,77,RU,1561592489,29,67.46,153.71,70.97,18.25
89,qaanaaq,13,GL,1561592489,68,77.48,-69.36,36.23,3.49
90,dryden,75,CA,1561592489,31,49.79,-92.84,78.8,18.34
91,beroroha,0,MG,1561592489,75,-21.68,45.17,63.59,7.25
92,sidrolandia,90,BR,1561592489,100,-20.93,-54.96,59.0,2.24
93,hovd,75,NO,1561592489,81,63.83,10.7,53.01,14.99
94,faya,0,SA,1561592490,19,18.39,42.45,73.4,1.25
95,butaritari,83,KI,1561592490,77,3.07,172.79,83.39,13.22
96,brae,90,GB,1561592490,93,60.4,-1.35,51.8,6.93
97,bratsk,10,RU,1561592490,56,56.15,101.63,68.0,6.71
98,lac du bonnet,0,CA,1561592490,28,50.25,-96.06,81.0,3.0
99,atar,4,MR,1561592490,12,20.52,-13.05,97.25,15.48
100,homer,1,US,1561592490,72,59.64,-151.54,71.01,12.75
101,leshukonskoye,93,RU,1561592491,67,64.9,45.76,48.29,5.32
102,patacamaya,0,BO,1561592491,25,-17.23,-67.92,41.27,7.16
103,new port richey,1,US,1561592395,58,28.24,-82.72,95.0,12.75
104,kristiansund,100,NO,1561592491,87,63.12,7.73,50.0,16.11
105,port elizabeth,1,US,1561592491,48,39.31,-74.98,89.01,5.82
106,tiznit,0,MA,1561592406,88,29.7,-9.73,66.83,18.81
107,high level,75,CA,1561592491,29,58.52,-117.13,75.2,6.93
108,okhotsk,9,RU,1561592491,37,59.36,143.24,73.13,14.43
109,ko samui,20,TH,1561592491,74,9.54,99.94,84.2,5.82
110,saint-augustin,75,CA,1561592492,60,45.63,-73.98,77.0,17.22
111,saint anthony,1,US,1561592492,28,43.97,-111.68,80.6,12.75
112,atuona,0,PF,1561592492,77,-9.8,-139.03,80.51,16.91
113,new norfolk,0,AU,1561592272,75,-42.78,147.06,51.01,8.05
114,mount isa,37,AU,1561592492,42,-20.73,139.49,64.4,12.75
115,mount gambier,17,AU,1561592266,76,-37.83,140.78,51.8,12.75
116,tubuala,40,PA,1561592492,70,9.52,-79.03,86.0,5.82
117,constitucion,40,MX,1561592492,9,23.99,-104.67,87.8,10.29
118,yokadouma,91,CM,1561592493,99,3.52,15.05,67.55,3.67
119,nobres,54,BR,1561592493,79,-14.72,-56.34,70.61,7.25
120,kuusamo,0,FI,1561592493,81,65.96,29.19,50.0,3.36
121,provideniya,90,RU,1561592493,87,64.42,-173.23,53.6,11.18
122,nikolskoye,40,RU,1561592493,76,59.7,30.79,57.2,2.24
123,port alfred,81,ZA,1561592493,88,-33.59,26.89,57.0,4.0
124,namatanai,90,PG,1561592493,80,-3.66,152.44,81.41,13.22
125,miles city,1,US,1561592494,34,46.41,-105.84,80.6,10.29
126,norman wells,20,CA,1561592494,38,65.28,-126.83,59.0,11.41
127,miyako,75,JP,1561592494,88,33.63,130.94,78.01,9.17
128,petropavlovsk-kamchatskiy,75,RU,1561592494,93,53.05,158.65,48.2,2.24
129,miri,42,NG,1561592494,83,10.31,9.75,74.03,2.84
130,vaini,95,IN,1561592494,88,15.34,74.49,77.99,4.38
131,avera,1,US,1561592494,62,33.19,-82.53,87.8,3.6
132,bluff,10,AU,1561592495,65,-23.58,149.07,68.09,25.19
133,aliwal north,78,ZA,1561592474,63,-30.69,26.71,41.45,5.46
134,sao filipe,0,CV,1561592495,85,14.9,-24.5,74.39,22.53
135,kamloops,75,CA,1561592292,26,50.68,-120.34,78.8,13.87
136,kodra,100,UA,1561592495,64,50.59,29.56,71.01,6.71
137,ribeira grande,94,PT,1561592495,75,38.52,-28.7,65.39,15.21
138,matadi,22,CD,1561592495,94,-5.83,13.46,64.49,0.89
139,nalut,0,LY,1561592495,53,31.86,10.98,75.65,12.01
140,longyearbyen,75,NO,1561592496,75,78.22,15.63,41.0,17.22
141,carballo,20,ES,1561592496,88,43.21,-8.69,64.99,1.12
142,ponta do sol,78,BR,1561592496,57,-20.63,-46.0,66.47,4.43
143,cabra,55,ES,1561592496,53,37.47,-4.43,77.0,8.05
144,bundaberg,75,AU,1561592211,82,-24.87,152.35,75.0,16.11
145,mareeba,90,AU,1561592496,73,-16.99,145.42,75.99,12.75
146,ambilobe,51,MG,1561592496,91,-13.19,49.05,70.07,3.42
147,bogalusa,1,US,1561592496,58,30.79,-89.85,89.6,8.05
148,arraial do cabo,0,BR,1561592497,73,-22.97,-42.02,75.2,5.82
149,saldanha,0,PT,1561592497,72,41.42,-6.55,65.03,1.03
150,kahului,40,US,1561592497,52,20.89,-156.47,87.8,14.99
151,kodiak,1,US,1561592497,54,39.95,-94.76,84.2,8.05
152,sitka,49,US,1561592497,48,37.17,-99.65,90.0,15.01
153,tazovskiy,98,RU,1561592308,72,67.47,78.7,42.17,11.52
154,yar-sale,63,RU,1561592497,74,66.83,70.83,46.13,4.18
155,zyryanka,50,RU,1561592497,29,65.73,150.89,67.55,18.68
156,whitehorse,75,CA,1561592498,46,60.72,-135.06,69.8,5.82
157,itaituba,100,BR,1561592498,67,-4.26,-55.99,80.51,2.08
158,saint-philippe,75,CA,1561592498,60,45.36,-73.48,77.0,17.22
159,iwanai,100,JP,1561592498,63,42.97,140.51,67.37,6.17
160,cotui,90,DO,1561592498,100,19.05,-70.15,80.6,6.93
161,cooma,75,AU,1561592498,100,-36.24,149.13,30.2,8.05
162,hithadhoo,58,MV,1561592498,72,-0.6,73.08,84.11,8.81
163,dumai,94,ID,1561592499,92,1.68,101.45,75.65,1.45
164,jijiga,69,ET,1561592499,94,9.35,42.8,59.99,9.15
165,sorong,100,ID,1561592499,83,-0.86,131.25,79.79,10.49
166,gusinoye ozero,87,RU,1561592499,89,51.11,106.26,49.55,7.02
167,la ronge,40,CA,1561592499,68,55.1,-105.3,64.4,5.82
168,itapaci,0,BR,1561592499,45,-14.95,-49.55,70.25,2.8
169,sibu,75,MY,1561592499,94,2.29,111.83,75.2,3.36
170,ust-maya,0,RU,1561592499,43,60.42,134.54,70.43,5.59
171,conde,0,BR,1561592500,97,-11.81,-37.61,67.73,2.73
172,beyneu,0,KZ,1561592500,47,45.32,55.19,75.11,7.23
173,barcelos,90,BR,1561592500,96,-0.97,-62.93,74.57,2.1
174,maldonado,0,UY,1561592500,61,-34.91,-54.96,48.2,6.93
175,krasnaya gorka,76,RU,1561592500,97,55.19,56.67,44.51,1.28
176,isangel,75,VU,1561592500,74,-19.55,169.27,80.6,3.36
177,zhezkazgan,99,KZ,1561592500,63,47.8,67.71,70.43,7.31
178,luyang,93,CN,1561592501,94,31.88,117.26,73.4,2.24
179,acapulco,40,MX,1561592501,70,16.86,-99.88,87.8,5.82
180,shushtar,0,IR,1561592501,10,32.05,48.86,87.35,6.51
181,shelburne,20,CA,1561592429,47,44.08,-80.2,80.6,11.41
182,teluknaga,20,ID,1561592501,73,-6.1,106.64,78.01,5.82
183,tiksi,3,RU,1561592501,39,71.64,128.87,68.09,10.6
184,samarai,63,PG,1561592501,90,-10.62,150.67,77.63,6.67
185,pacific grove,75,US,1561592217,68,36.62,-121.92,77.0,10.29
186,yerbogachen,28,RU,1561592501,50,61.28,108.01,72.59,2.82
187,chengde,100,CN,1561592502,47,40.97,117.93,75.29,3.65
188,caravelas,61,BR,1561592502,82,-17.73,-39.27,74.21,5.7
189,haapsalu,90,EE,1561592502,100,58.95,23.55,57.99,1.12
190,fairbanks,40,US,1561592205,20,64.84,-147.72,79.0,3.36
191,klaksvik,19,FO,1561592502,100,62.23,-6.59,48.2,9.17
192,bathsheba,100,BB,1561592502,80,13.22,-59.52,80.51,20.58
193,syasstroy,74,RU,1561592502,86,60.14,32.56,51.71,7.23
194,flinders,20,AU,1561592502,100,-34.58,150.85,64.0,5.82
195,georgetown,75,GY,1561592343,78,6.8,-58.16,82.4,11.41
196,saint-francois,0,FR,1561592503,83,46.42,3.91,71.6,1.12
197,hare bay,75,CA,1561592503,58,48.86,-53.99,59.0,11.41
198,coreau,100,BR,1561592503,75,-3.53,-40.66,71.87,2.89
199,makakilo city,75,US,1561592503,78,21.35,-158.09,82.0,8.05
200,pevek,10,RU,1561592503,85,69.7,170.27,33.89,15.05
201,boa vista,75,BR,1561592413,69,2.82,-60.67,82.4,9.17
202,shiyan,100,CN,1561592504,82,32.65,110.78,69.71,2.62
203,kaeo,5,NZ,1561592274,85,-35.1,173.78,57.0,1.99
204,tuatapere,92,NZ,1561592504,75,-46.13,167.69,53.01,4.0
205,asyut,0,EG,1561592504,33,27.18,31.19,86.0,4.7
206,hasaki,75,JP,1561592505,78,35.73,140.83,81.0,8.05
207,lithakia,20,GR,1561592505,68,37.72,20.83,81.0,10.63
208,vaitape,1,PF,1561592505,73,-16.52,-151.75,80.51,6.55
209,guanhaes,0,BR,1561592505,81,-18.77,-42.93,61.07,2.06
210,trujillo,31,VE,1561592505,82,9.37,-70.44,72.05,3.49
211,umm lajj,0,SA,1561592506,64,25.02,37.27,85.73,12.21
212,lucapa,1,AO,1561592506,33,-8.42,20.74,64.31,3.8
213,inhambane,4,MZ,1561592506,95,-23.87,35.38,60.35,2.66
214,college,40,US,1561592506,20,64.86,-147.8,79.0,3.36
215,tura,100,RU,1561592506,62,64.27,100.22,68.09,2.21
216,torbay,20,CA,1561592506,76,47.66,-52.73,51.01,3.36
217,wagga wagga,0,AU,1561592507,81,-35.12,147.37,51.01,8.05
218,townsville,0,AU,1561592507,56,-19.26,146.82,71.6,5.82
219,polovinnoye,0,RU,1561592507,90,54.79,65.99,47.57,5.1
220,bushehr,0,IR,1561592507,70,28.97,50.84,86.0,6.93
221,tortoli,5,IT,1561592507,64,39.93,9.66,75.2,6.93
222,port-gentil,20,GA,1561592507,88,-0.72,8.78,75.2,5.82
223,souillac,0,FR,1561592507,65,45.6,-0.6,84.2,9.17
224,upernavik,0,GL,1561592508,87,72.79,-56.15,34.25,11.05
225,luanda,0,AO,1561592508,88,-8.83,13.24,69.8,5.82
226,khatanga,0,RU,1561592508,41,71.98,102.47,53.15,8.97
227,rocha,50,UY,1561592239,74,-34.48,-54.34,44.69,10.27
228,geraldton,75,CA,1561592508,43,49.72,-86.95,73.4,11.41
229,san cristobal,90,HN,1561592223,87,14.68,-86.92,69.53,10.45
230,hofn,63,IS,1561592508,83,64.25,-15.21,44.33,13.0
231,gat,20,SN,1561592277,78,14.69,-16.54,78.8,9.17
232,evensk,33,RU,1561592509,46,61.92,159.24,61.25,20.47
233,nakhon phanom,100,LA,1561592509,88,17.4,104.79,78.89,3.49
234,borogontsy,0,RU,1561592509,39,62.67,131.17,73.13,3.91
235,burnie,88,AU,1561592509,95,-41.05,145.91,51.01,1.99
236,lata,27,IN,1561592509,70,30.78,78.62,34.97,1.9
237,salalah,75,OM,1561592509,88,17.01,54.1,82.4,6.93
238,sainte-marie,75,CA,1561592510,73,46.45,-71.03,75.2,3.13
239,ambon,0,FR,1561592510,88,47.55,-2.56,75.99,12.75
240,charters towers,26,AU,1561592489,63,-20.07,146.27,66.83,11.41
241,westerland,90,NL,1561592510,82,52.89,4.93,62.01,9.17
242,belmonte,0,PT,1561592510,67,40.36,-7.35,63.0,1.66
243,hambantota,97,LK,1561592284,77,6.12,81.12,82.49,18.12
244,pavlodar,0,KZ,1561592511,93,52.28,76.96,64.4,6.71
245,san lorenzo,40,HN,1561592512,58,13.43,-87.45,84.2,4.92
246,sarangani,99,PH,1561592512,72,5.4,125.46,83.21,4.43
247,vagur,67,FO,1561592513,96,61.47,-6.81,49.91,12.64
248,dunedin,0,NZ,1561592513,40,-45.87,170.5,59.0,8.01
249,sambava,0,MG,1561592513,89,-14.27,50.17,65.39,3.29
250,ghoti,91,IN,1561592513,88,19.72,73.62,74.75,5.68
251,los llanos de aridane,40,ES,1561592514,68,28.66,-17.92,71.6,12.75
252,komsomolskiy,86,RU,1561592514,84,67.55,63.78,40.73,5.28
253,aripuana,61,BR,1561592514,73,-9.17,-60.63,76.91,1.28
254,pospelikha,0,RU,1561592514,78,51.99,81.83,57.83,6.06
255,vostok,100,RU,1561592514,99,46.45,135.83,58.91,1.61
256,sao miguel do araguaia,0,BR,1561592514,47,-13.28,-50.16,73.49,2.62
257,iqaluit,20,CA,1561592515,75,63.75,-68.52,44.6,11.41
258,kieta,60,PG,1561592479,70,-6.22,155.63,83.93,6.69
259,kulachi,0,PK,1561592515,45,31.93,70.46,85.55,2.04
260,esperance,90,AU,1561592515,93,-33.86,121.89,53.6,14.99
261,walvis bay,52,NA,1561592515,87,-22.95,14.51,59.0,12.75
262,kidal,41,ML,1561592515,34,18.44,1.41,85.37,6.22
263,yumen,71,CN,1561592515,53,40.29,97.04,65.93,20.87
264,guerrero negro,100,MX,1561592516,82,27.97,-114.04,64.49,13.0
265,majene,10,ID,1561592516,82,-3.54,118.97,81.23,26.89
266,clyde river,20,CA,1561592516,86,70.47,-68.59,39.2,13.87
267,ranot,99,TH,1561592516,86,7.78,100.32,78.53,8.86
268,kargasok,100,RU,1561592516,98,59.06,80.87,57.65,4.38
269,cabo san lucas,5,MX,1561592378,19,22.89,-109.91,97.0,10.29
270,luderitz,0,NA,1561592516,93,-26.65,15.16,46.4,2.24
271,kruisfontein,20,ZA,1561592517,88,-34.0,24.73,53.15,5.93
272,moramanga,67,MG,1561592517,98,-18.95,48.23,53.15,2.95
273,oranjemund,0,ZA,1561592517,77,-28.55,16.43,54.95,8.28
274,nome,1,US,1561592517,70,30.04,-94.42,87.8,5.82
275,emerald,75,AU,1561592517,72,-23.53,148.16,64.4,18.34
276,kontagora,66,NG,1561592517,84,10.4,5.47,76.37,8.63
277,bandarbeyla,88,SO,1561592295,64,9.49,50.81,78.53,28.01
278,lagunas,31,PE,1561592518,94,-5.23,-75.68,74.21,3.36
279,nhulunbuy,40,AU,1561592518,78,-12.18,136.78,75.2,8.05
280,tabou,99,CI,1561592297,94,4.42,-7.36,73.49,4.52
281,pangnirtung,0,CA,1561592518,54,66.15,-65.72,52.07,5.26
282,tiarei,75,PF,1561592304,70,-17.53,-149.33,84.2,11.41
283,puerto leguizamo,20,CO,1561592518,90,-0.19,-74.78,74.75,2.75
284,atherton,90,AU,1561592519,73,-17.27,145.48,75.99,12.75
285,norilsk,0,RU,1561592519,57,69.35,88.2,44.6,8.95
286,saint-joseph,0,FR,1561592519,65,43.56,6.97,84.2,3.36
287,pudozh,92,RU,1561592519,91,61.81,36.54,46.67,3.71
288,mwinilunga,0,ZM,1561592519,54,-11.73,24.43,53.33,5.57
289,bowen,90,AU,1561592520,82,-20.01,148.25,68.0,8.05
290,port shepstone,36,ZA,1561592520,93,-30.74,30.45,53.33,6.58
291,dwarka,2,IN,1561592520,58,28.58,77.04,98.01,4.09
292,zhuhai,40,CN,1561592520,93,40.71,112.04,62.6,4.47
293,maningrida,32,AU,1561592520,64,-12.05,134.23,70.97,8.88
294,terracina,1,IT,1561592520,80,41.29,13.25,78.01,4.12
295,duncan,1,US,1561592392,55,34.5,-97.96,91.4,17.22
296,idrinskoye,85,RU,1561592521,95,54.37,92.14,54.95,2.93
297,abu samrah,0,SY,1561592521,50,35.3,37.18,76.73,8.86
298,recanati,0,IT,1561592521,88,43.4,13.55,77.0,2.24
299,airai,9,TL,1561592522,58,-8.93,125.41,73.67,3.36
300,raudeberg,98,NO,1561592522,76,61.99,5.14,51.8,5.82
301,bonfim,2,GY,1561592522,72,3.36,-59.84,79.43,13.71
302,champerico,90,MX,1561592522,65,16.38,-93.6,80.6,19.46
303,anjangaon,53,IN,1561592522,64,21.16,77.31,85.73,12.3
304,katsuura,75,JP,1561592522,94,33.93,134.5,77.0,19.46
305,petropavl,29,KZ,1561592523,90,54.87,69.13,44.33,7.78
306,north bend,90,US,1561592523,93,43.41,-124.22,64.0,4.7
307,mughal sarai,19,IN,1561592523,55,25.28,83.13,90.59,0.27
308,saint george,40,GR,1561592523,54,39.45,22.34,80.6,1.25
309,gafargaon,100,BD,1561592524,86,24.46,90.55,81.41,13.2
310,sechura,1,PE,1561592524,85,-5.56,-80.82,65.39,14.67
311,morwa,0,BW,1561592524,71,-24.44,26.07,55.4,8.05
312,nazarovo,10,RU,1561592524,77,56.01,90.42,62.33,1.63
313,stabat,92,ID,1561592524,89,3.76,98.46,72.05,3.0
314,itoman,40,JP,1561592524,94,26.12,127.67,80.6,4.7
315,acajutla,70,SV,1561592524,65,13.59,-89.83,86.09,3.65
316,egvekinot,100,RU,1561592525,89,66.32,-179.17,39.47,16.93
317,alofi,75,NU,1561592525,73,-19.06,-169.92,77.0,14.99
318,tautira,75,PF,1561592525,70,-17.73,-149.15,84.2,11.41
319,lavrentiya,100,RU,1561592525,98,65.58,-170.99,48.47,11.14
320,telenesti,0,MD,1561592526,72,47.5,28.37,68.0,2.82
321,phonhong,75,LA,1561592526,100,18.5,102.42,80.6,2.24
322,lambarene,82,GA,1561592526,86,-0.7,10.22,70.25,4.07
323,varhaug,75,NO,1561592526,71,58.61,5.65,53.6,11.41
324,cap malheureux,75,MU,1561592526,88,-19.98,57.61,73.4,11.41
325,victoria,75,BN,1561592526,88,5.28,115.24,80.6,13.0
326,booue,73,GA,1561592527,91,-0.09,11.94,69.53,2.17
327,liepaja,54,LV,1561592527,88,56.52,21.02,68.0,2.24
328,svetlogorsk,40,RU,1561592527,87,53.14,59.15,44.6,4.47
329,bone,0,DE,1561592527,64,51.97,12.14,73.4,11.41
330,huadian,4,CN,1561592527,58,42.97,126.75,73.13,5.61
331,roald,86,NO,1561592528,93,62.58,6.12,51.01,4.7
332,cefalu,2,IT,1561592528,65,38.04,14.02,80.01,1.01
333,huanan,98,CN,1561592528,94,46.24,130.56,60.35,4.21
334,coihaique,90,CL,1561592528,93,-45.58,-72.07,37.4,9.17
335,biloela,75,AU,1561592528,67,-24.4,150.51,66.29,25.55
336,kharitonovo,93,RU,1561592529,66,61.4,47.5,49.01,3.29
337,buraydah,0,SA,1561592529,32,26.33,43.97,84.2,3.36
338,barreirinhas,100,BR,1561592365,89,-2.75,-42.83,74.03,3.47
339,kavieng,89,PG,1561592529,73,-2.57,150.8,84.11,8.41
340,aberdare,90,GB,1561592529,87,51.71,-3.45,61.0,21.92
341,sucua,40,EC,1561592529,88,-2.46,-78.17,71.6,8.05
342,estelle,0,FR,1561592530,83,43.97,3.47,73.99,3.36
343,san luis,35,AR,1561592477,24,-33.3,-66.34,49.37,19.82
344,jacareacanga,66,BR,1561592530,67,-6.22,-57.76,76.91,2.44
345,grand gaube,75,MU,1561592530,88,-20.01,57.66,73.4,11.41
346,verkhnyaya inta,80,RU,1561592530,78,65.99,60.32,47.39,6.15
347,diamantino,27,BR,1561592531,62,-14.4,-56.44,74.03,1.5
348,waipawa,0,NZ,1561592531,67,-39.94,176.59,50.81,3.18
349,vao,100,EE,1561592231,98,59.1,26.19,54.95,2.95
350,clovis,40,US,1561592293,22,36.83,-119.7,91.0,11.41
351,changchun,0,CN,1561592531,60,43.88,125.32,73.4,13.42
352,pimentel,51,BR,1561592352,94,-3.7,-45.5,73.67,1.36
353,funadhoo,98,MV,1561592532,79,6.15,73.27,83.03,10.87
354,toledo,0,ES,1561592381,39,39.86,-4.02,82.99,8.72
355,mercedes,34,UY,1561592503,73,-33.25,-58.03,48.29,12.33
356,matagami,99,NG,1561592532,98,9.67,8.4,68.81,3.42
357,vestmannaeyjar,100,IS,1561592532,97,63.44,-20.27,52.25,13.2
358,pisco,16,PE,1561592533,30,-13.71,-76.2,71.6,5.82
359,carbonia,0,IT,1561592533,69,39.17,8.53,77.0,3.36
360,bethel,90,US,1561592534,77,60.79,-161.76,64.4,18.34
361,navsari,40,IN,1561592534,83,20.95,72.93,84.2,11.43
362,sosnovo-ozerskoye,86,RU,1561592534,88,52.53,111.54,56.57,8.46
363,port macquarie,40,AU,1561592534,87,-31.43,152.91,64.0,8.05
364,kwinana,40,AU,1561592534,81,-32.25,115.77,59.0,13.87
365,zhigansk,0,RU,1561592534,50,66.77,123.37,73.31,9.75
366,san quintin,99,PH,1561592534,85,17.54,120.52,78.35,2.8
367,birao,35,CF,1561592535,80,10.3,22.78,72.23,3.8
368,valdivia,100,CL,1561592535,95,-39.81,-73.25,45.77,5.86
369,san patricio,0,PY,1561592535,75,-26.98,-56.83,44.33,5.14
370,palmerston,0,AU,1561592448,52,-12.49,130.99,70.0,6.93
371,dakar,20,SN,1561592489,88,14.69,-17.45,78.8,2.24
372,neyshabur,0,IR,1561592535,19,36.21,58.79,67.73,8.28
373,meadow lake,75,CA,1561592535,63,54.13,-108.44,66.2,10.29
374,yelizovo,75,RU,1561592536,93,53.19,158.38,48.2,2.24
375,kirakira,99,SB,1561592536,72,-10.46,161.92,83.21,1.21
376,kazachinskoye,37,RU,1561592536,65,57.69,93.28,67.01,4.34
377,ust-kulom,92,RU,1561592536,60,61.69,53.69,50.63,1.68
378,ixtapa,75,MX,1561592536,62,20.71,-105.21,86.0,9.17
379,villa carlos paz,0,AR,1561592536,35,-31.42,-64.5,50.0,8.05
380,coahuayana,94,MX,1561592537,66,18.62,-100.35,82.85,2.19
381,zeya,59,RU,1561592537,44,53.74,127.27,66.47,5.3
382,taiping,75,MY,1561592537,88,4.85,100.74,77.0,2.46
383,tecoanapa,40,MX,1561592537,70,16.99,-99.26,87.8,5.82
384,beringovskiy,91,RU,1561592537,75,63.05,179.32,52.97,4.07
385,gigmoto,94,PH,1561592538,77,13.78,124.39,83.93,10.51
386,maniitsoq,70,GL,1561592538,73,65.42,-52.9,50.09,4.74
387,uray,62,RU,1561592538,70,60.13,64.8,47.39,5.03
388,tezu,100,IN,1561592538,98,27.93,96.16,72.41,4.88
389,huarmey,12,PE,1561592538,87,-10.07,-78.15,63.23,14.61
390,nabire,94,ID,1561592539,86,-3.36,135.5,75.47,4.59
391,kulhudhuffushi,99,MV,1561592539,80,6.62,73.07,82.67,11.68
392,ilulissat,20,GL,1561592539,75,69.22,-51.1,42.8,10.29
393,kalmar,20,SE,1561592539,100,56.66,16.36,64.0,5.82
394,mitu,0,IR,1561592540,45,36.2,46.09,67.01,4.83
395,menongue,0,AO,1561592540,46,-14.66,17.68,52.79,5.48
396,port hedland,83,AU,1561592540,93,-20.31,118.58,55.4,5.82
397,komatsu,75,JP,1561592540,58,36.4,136.45,82.4,9.17
398,jasper,1,US,1561592540,44,33.83,-87.28,93.2,4.38
399,bridlington,1,GB,1561592541,87,54.08,-0.19,51.8,6.93
400,flin flon,75,CA,1561592541,59,54.77,-101.88,66.2,5.82
401,bara,99,NG,1561592541,89,10.41,10.6,74.39,5.93
402,singleton,40,AU,1561592541,100,-32.57,151.17,61.0,6.93
403,christchurch,8,NZ,1561592464,70,-43.53,172.64,55.99,2.24
404,budila,18,RO,1561592541,81,45.67,25.81,59.0,1.86
405,filadelfia,0,PY,1561592542,59,-22.35,-60.04,54.59,6.04
406,bilibino,45,RU,1561592542,37,68.06,166.44,59.27,10.49
407,tateyama,75,JP,1561592542,61,36.66,137.31,78.8,12.75
408,nshamba,99,TZ,1561592542,66,-1.8,31.55,68.45,0.43
409,mitsamiouli,0,KM,1561592542,77,-11.38,43.28,76.73,24.16
410,broome,47,GB,1561592542,82,52.47,1.45,57.0,8.05
411,hellvik,75,NO,1561592543,76,59.92,5.78,53.01,4.7
412,monroe,1,US,1561592510,35,41.91,-83.4,89.01,8.05
413,jiamusi,100,CN,1561592543,98,46.81,130.37,53.33,12.95
414,bensonville,75,LR,1561592543,94,6.45,-10.61,77.0,14.74
415,qarqin,0,AF,1561592543,16,37.41,66.03,80.33,5.7
416,saint-leu,75,RE,1561592543,88,-21.15,55.28,71.6,4.7
417,weligama,75,LK,1561592543,77,5.97,80.42,82.85,15.68
418,chakia,100,IN,1561592544,78,26.42,85.05,84.29,10.2
419,kuala terengganu,75,MY,1561592544,88,5.33,103.14,77.0,5.82
420,northam,75,AU,1561592544,81,-31.65,116.67,53.6,4.7
421,sangar,0,RU,1561592544,44,63.92,127.47,73.49,0.98
422,ler,75,NO,1561592544,81,63.2,10.3,53.01,14.99
423,amos,75,CA,1561592410,56,48.57,-78.12,73.4,4.7
424,conceicao do mato dentro,0,BR,1561592317,80,-19.04,-43.42,59.81,1.07
425,poum,0,MK,1561592544,87,41.28,20.71,58.37,4.05
426,vila do maio,20,CV,1561592545,57,15.13,-23.22,78.8,21.92
427,oksfjord,90,NO,1561592545,66,70.24,22.35,51.8,23.04
428,neepawa,40,CA,1561592545,36,50.23,-99.46,78.8,11.41
429,chokurdakh,0,RU,1561592545,32,70.62,147.9,65.57,13.65
430,teguldet,0,RU,1561592545,72,57.31,88.17,64.49,2.77
431,koyelga,100,RU,1561592545,96,54.65,60.9,49.73,5.44
432,hervey bay,75,AU,1561592545,82,-25.3,152.85,75.0,16.11
433,grindavik,90,IS,1561592546,100,63.84,-22.43,51.8,18.34
434,winsum,90,NL,1561592546,82,53.33,6.52,59.0,6.93
435,rio gallegos,20,AR,1561592351,86,-51.62,-69.22,28.4,10.29
436,kita,75,JP,1561592546,69,35.76,139.74,84.99,13.87
437,ecoporanga,15,BR,1561592546,85,-18.37,-40.83,65.21,2.8
438,luau,0,CD,1561592546,40,-10.7,22.23,57.65,2.8
439,the valley,20,AI,1561592547,78,18.22,-63.06,82.99,12.75
440,birobidzhan,100,RU,1561592547,57,48.79,132.93,59.63,10.51
441,riyadh,0,SA,1561592547,9,24.63,46.72,89.6,6.93
442,darovskoy,93,RU,1561592547,89,58.77,47.96,44.69,3.53
443,broken hill,0,AU,1561592547,62,-31.97,141.45,53.6,11.41
444,nanortalik,100,GL,1561592547,99,60.14,-45.24,38.75,8.39
445,seoul,90,KR,1561592259,83,37.57,126.98,75.2,2.46
446,te anau,7,NZ,1561592548,78,-45.41,167.72,45.05,0.6
447,linfen,99,CN,1561592548,38,36.09,111.52,80.15,0.58
448,ostersund,38,SE,1561592548,81,63.18,14.64,48.99,14.99
449,lake charles,1,US,1561592548,70,30.23,-93.22,87.8,4.7
450,tigil,41,RU,1561592548,53,57.8,158.67,62.33,5.64
451,soyo,6,AO,1561592548,77,-6.13,12.37,73.67,9.01
452,cockburn town,51,TC,1561592316,81,21.46,-71.14,81.77,15.9
453,careiro da varzea,40,BR,1561592529,74,-3.2,-59.81,82.4,5.82
454,stepnyak,88,KZ,1561592549,89,52.83,70.79,48.83,6.55
455,saint-georges,20,CA,1561592313,18,46.12,-70.67,73.99,3.0
456,karpathos,23,GR,1561592549,88,35.51,27.21,75.2,20.8
457,demyansk,50,RU,1561592549,88,57.64,32.46,50.27,5.5
458,xuddur,1,SO,1561592549,71,4.12,43.89,72.41,20.65
459,at-bashi,58,KG,1561592549,65,41.17,75.81,47.75,4.83
460,bonthe,100,SL,1561592550,90,7.53,-12.5,77.45,7.05
461,aykhal,0,RU,1561592550,52,65.95,111.51,68.0,6.71
462,west plains,1,US,1561592306,73,36.73,-91.85,73.99,4.7
463,odesskoye,99,RU,1561592550,81,54.21,72.97,49.91,9.46
464,kijang,90,KR,1561592550,88,35.24,129.21,73.4,5.82
465,mokobeng,24,BW,1561592550,90,-23.0,27.67,51.89,7.9
466,fukue,75,JP,1561592550,88,35.03,136.69,79.0,8.05
467,mendi,95,ET,1561592550,94,9.8,35.1,64.13,4.32
468,kilis,0,TR,1561592551,36,36.72,37.12,75.2,2.24
469,nelson bay,40,AU,1561592551,100,-32.72,152.14,61.0,6.93
470,tarbagatay,40,RU,1561592551,93,51.48,107.36,51.8,4.47
471,san policarpo,100,PH,1561592551,82,12.18,125.51,80.51,3.44
472,kudahuvadhoo,90,MV,1561592551,72,2.67,72.89,82.49,2.04
473,eureka,90,US,1561592551,77,40.8,-124.16,68.0,10.29
474,vilhena,0,BR,1561592552,69,-12.74,-60.15,77.0,4.7
475,orihuela,25,ES,1561592552,83,38.09,-0.95,78.01,5.82
476,bay roberts,20,CA,1561592552,76,47.58,-53.28,51.01,3.36
477,vila,0,IT,1561592552,88,45.18,8.4,84.99,4.7
478,trinidad,90,BO,1561592553,87,-14.83,-64.9,59.0,6.93
479,usinsk,68,RU,1561592553,86,66.0,57.56,48.11,7.85
480,livingston,1,US,1561592478,62,32.58,-88.19,87.8,1.28
481,negotin,0,RS,1561592553,91,44.23,22.53,68.09,3.33
482,chapais,75,CA,1561592553,88,49.78,-74.86,62.6,8.05
483,bonavista,0,CA,1561592553,86,48.65,-53.11,44.01,7.36
484,road town,40,VG,1561592554,74,18.42,-64.62,82.4,9.17
485,terekli-mekteb,100,RU,1561592554,68,44.16,45.87,76.01,10.29
486,hashtrud,0,IR,1561592554,42,37.48,47.05,62.87,3.65
487,coracora,0,PE,1561592554,50,-15.02,-73.78,43.97,1.19
488,quinchia,97,CO,1561592554,68,5.34,-75.73,80.6,1.81
489,losevo,0,RU,1561592554,51,51.73,38.83,62.6,4.47
490,naze,100,NG,1561592554,98,5.43,7.07,71.33,2.42
491,westport,1,US,1561592358,51,41.14,-73.36,84.99,8.05
492,marawi,100,PH,1561592555,88,8.0,124.29,79.0,5.99
493,ramshir,0,IR,1561592555,31,30.89,49.41,91.4,4.7
494,husavik,0,CA,1561592555,28,50.56,-96.99,81.0,3.0
495,ciro marina,55,IT,1561592555,66,39.37,17.13,77.09,10.8
496,issoire,0,FR,1561592556,47,45.54,3.25,80.6,2.24
497,bilma,74,NE,1561592556,31,18.69,12.92,85.91,8.41
498,boende,88,CD,1561592556,94,-0.28,20.88,72.77,1.83
499,kaitangata,0,NZ,1561592556,58,-46.28,169.85,54.0,8.01
500,leh,29,IN,1561592556,63,34.16,77.58,27.23,4.03
501,kulebaki,100,RU,1561592556,99,55.41,42.53,53.33,3.67
502,ibra,11,OM,1561592557,77,22.69,58.55,75.83,2.86
503,batemans bay,53,AU,1561592557,75,-35.71,150.18,55.99,3.0
504,yenagoa,100,NG,1561592557,97,4.92,6.26,72.95,3.62
505,timra,24,SE,1561592557,62,62.49,17.33,53.6,12.75
506,goure,94,NE,1561592557,43,13.98,10.27,86.81,14.16
507,washington,1,US,1561592557,40,38.9,-77.04,89.6,4.7
508,vanimo,33,PG,1561592557,72,-2.67,141.3,81.95,3.36
509,bo rai,100,TH,1561592558,78,12.57,102.54,82.99,9.44
510,ahuimanu,20,US,1561592558,69,21.44,-157.84,82.0,12.75
511,gamba,65,CN,1561592558,74,28.28,88.52,41.63,1.97
512,altay,100,CN,1561592558,50,47.83,88.13,53.87,4.36
513,manga,40,PK,1561592559,69,31.31,74.05,78.8,9.17
514,jamsa,90,FI,1561592559,100,61.86,25.19,55.99,2.24
515,deputatskiy,0,RU,1561592559,27,69.3,139.9,73.13,7.78
516,kerema,72,PG,1561592559,87,-7.96,145.78,78.89,17.85
517,atasu,10,KZ,1561592559,92,48.68,71.64,65.21,11.18
518,new plymouth,1,NZ,1561592426,82,-39.06,174.08,55.0,5.01
519,zhob,0,PK,1561592560,13,31.34,69.45,70.43,7.43
520,lao cai,100,VN,1561592560,95,22.48,103.95,67.91,4.07
521,cruzeiro do sul,75,BR,1561592560,78,-7.63,-72.67,80.6,1.92
522,spoleto,0,IT,1561592560,64,42.74,12.74,78.01,9.17
523,big spring,1,US,1561592560,38,32.25,-101.48,91.4,11.41
524,smithers,40,CA,1561592561,46,54.78,-127.17,73.4,5.82
525,meulaboh,85,ID,1561592561,78,4.14,96.13,81.05,7.07
526,murgab,0,TM,1561592561,36,37.5,61.97,78.8,4.7
527,zhanaozen,91,KZ,1561592561,52,43.35,52.85,76.01,9.24
528,potot,100,PH,1561592561,82,11.34,124.55,79.97,3.8
529,spanish fork,75,US,1561592415,17,40.12,-111.66,89.6,10.29
530,port pirie,0,AU,1561592561,81,-33.18,138.01,48.2,3.36
531,jijiang,75,CN,1561592562,100,29.8,120.61,73.4,0.45
532,outlook,18,CA,1561592562,34,51.48,-107.04,75.99,5.97
533,divnomorskoye,6,RU,1561592562,63,44.5,38.13,76.37,16.33
534,lagos,97,NG,1561592562,93,6.46,3.39,74.93,6.17
535,zyryanskoye,0,RU,1561592562,80,56.83,86.62,61.43,3.67
536,key west,1,US,1561592402,28,47.93,-96.78,86.0,11.41
537,kaputa,27,ZM,1561592563,63,-8.47,29.66,59.09,1.41
538,pitimbu,0,BR,1561592563,94,-7.47,-34.81,75.2,4.7
539,balakhta,83,RU,1561592563,88,55.38,91.62,61.43,1.52
540,pangody,100,RU,1561592563,68,65.85,74.49,46.85,14.25
541,richards bay,0,ZA,1561592563,71,-28.77,32.06,67.91,18.9
542,savannah bight,73,HN,1561592563,80,16.45,-85.85,83.03,22.95
543,kota belud,75,MY,1561592564,83,6.35,116.43,79.0,3.36
544,malanje,0,AO,1561592564,74,-9.54,16.35,57.83,3.47
545,panacan,90,PH,1561592564,100,7.15,125.66,78.8,2.24
546,furtwangen,0,DE,1561592564,88,48.05,8.22,77.0,4.7
547,miandrivazo,0,MG,1561592564,83,-19.53,45.46,67.37,1.92
548,gelnica,0,SK,1561592564,83,48.85,20.94,72.0,3.36
549,cayenne,90,GF,1561592565,88,4.94,-52.33,78.8,4.94
550,puerto el triunfo,75,SV,1561592565,94,13.27,-88.55,89.6,5.82
551,vila franca do campo,20,PT,1561592565,77,37.72,-25.43,64.4,11.41
552,puerto colombia,0,CO,1561592565,70,10.99,-74.96,86.0,12.75
553,assiniboia,54,CA,1561592565,34,49.63,-105.99,75.47,4.83
554,dubbo,0,AU,1561592565,71,-32.25,148.6,57.2,18.34
555,huntsville,1,US,1561592566,43,34.73,-86.59,91.4,3.36
556,saint-pierre,0,FR,1561592566,83,48.95,4.24,80.6,11.41
557,sosnogorsk,100,RU,1561592566,58,63.59,53.93,52.43,2.75
558,edwardsville,90,US,1561592566,78,38.81,-89.95,73.4,10.29
559,marystown,59,CA,1561592567,75,47.17,-55.16,50.81,3.49
560,progreso,0,UY,1561592567,66,-34.68,-56.22,53.01,6.93
561,shingu,75,JP,1561592567,88,33.72,135.99,77.0,18.34
562,kavaratti,97,IN,1561592567,77,10.57,72.64,82.85,15.41
563,skagen,84,SE,1561592567,82,58.6,13.44,62.6,6.93
564,atyrau,0,KZ,1561592567,32,47.1,51.92,66.2,6.71
565,qaqortoq,100,GL,1561592568,93,60.72,-46.03,48.2,4.7
